FixtureKey,LeagueCode,League,Country,Tier,FixtureDate,KickoffTime,FixtureDateTime,IsUpcoming,HomeTeam,AwayTeam,Bet365HomeOdds,Bet365DrawOdds,Bet365AwayOdds,AverageHomeOdds,AverageDrawOdds,AverageAwayOdds,MaxHomeOdds,MaxDrawOdds,MaxAwayOdds,Bet365Over25Odds,Bet365Under25Odds,AverageOver25Odds,AverageUnder25Odds,MaxOver25Odds,MaxUnder25Odds,SourceName,SourceUrl,IngestedAt
I1_2026-05-23_Bologna_Inter,I1,Serie A,Italy,Tier 1 - Elite Europe,2026-05-23,17:00,2026-05-23 17:00:00,True,Bologna,Inter,3.1,3.6,2.2,2.95,3.64,2.19,3.1,3.75,2.28,1.57,2.38,1.55,2.36,1.57,2.5,football-data.co.uk fixtures,https://www.football-data.co.uk/fixtures.csv,2026-05-23 08:51:30
B1_2026-05-23_Antwerp_Westerlo,B1,Belgian Pro League,Belgium,Tier 1 - Elite Europe,2026-05-23,19:45,2026-05-23 19:45:00,True,Antwerp,Westerlo,1.91,3.7,3.5,1.88,3.77,3.42,1.92,4.0,3.65,1.53,2.4,1.5,2.44,1.53,2.5,football-data.co.uk fixtures,https://www.football-data.co.uk/fixtures.csv,2026-05-23 08:51:30
B1_2026-05-23_Oud-Heverlee Leuven_Genk,B1,Belgian Pro League,Belgium,Tier 1 - Elite Europe,2026-05-23,19:45,2026-05-23 19:45:00,True,Oud-Heverlee Leuven,Genk,3.7,3.75,1.85,3.54,3.73,1.87,3.7,4.0,1.91,1.67,2.15,1.63,2.15,1.67,2.23,football-data.co.uk fixtures,https://www.football-data.co.uk/fixtures.csv,2026-05-23 08:51:30
B1_2026-05-23_Standard_Charleroi,B1,Belgian Pro League,Belgium,Tier 1 - Elite Europe,2026-05-23,19:45,2026-05-23 19:45:00,True,Standard,Charleroi,2.1,3.4,3.2,2.03,3.35,3.4,2.1,3.45,3.6,1.9,1.9,1.85,1.86,1.91,1.91,football-data.co.uk fixtures,https://www.football-data.co.uk/fixtures.csv,2026-05-23 08:51:30
I1_2026-05-23_Lazio_Pisa,I1,Serie A,Italy,Tier 1 - Elite Europe,2026-05-23,19:45,2026-05-23 19:45:00,True,Lazio,Pisa,1.55,4.2,6.0,1.52,4.16,5.76,1.55,4.5,6.6,1.8,2.0,1.76,2.0,1.8,2.05,football-data.co.uk fixtures,https://www.football-data.co.uk/fixtures.csv,2026-05-23 08:51:30
SP1_2026-05-23_Alaves_Vallecano,SP1,La Liga,Spain,Tier 1 - Elite Europe,2026-05-23,20:00,2026-05-23 20:00:00,True,Alaves,Vallecano,2.45,3.4,2.8,2.41,3.31,2.82,2.5,3.5,2.9,1.98,1.88,1.94,1.79,2.0,1.88,football-data.co.uk fixtures,https://www.football-data.co.uk/fixtures.csv,2026-05-23 08:51:30
SP1_2026-05-23_Betis_Levante,SP1,La Liga,Spain,Tier 1 - Elite Europe,2026-05-23,20:00,2026-05-23 20:00:00,True,Betis,Levante,2.25,3.2,3.4,2.19,3.26,3.26,2.25,3.5,3.5,1.73,2.1,1.65,2.15,1.73,2.2,football-data.co.uk fixtures,https://www.football-data.co.uk/fixtures.csv,2026-05-23 08:51:30
SP1_2026-05-23_Celta_Sevilla,SP1,La Liga,Spain,Tier 1 - Elite Europe,2026-05-23,20:00,2026-05-23 20:00:00,True,Celta,Sevilla,1.73,3.8,4.75,1.74,3.68,4.52,1.8,3.8,4.85,1.91,1.91,1.86,1.87,1.91,1.91,football-data.co.uk fixtures,https://www.football-data.co.uk/fixtures.csv,2026-05-23 08:51:30
SP1_2026-05-23_Espanol_Sociedad,SP1,La Liga,Spain,Tier 1 - Elite Europe,2026-05-23,20:00,2026-05-23 20:00:00,True,Espanol,Sociedad,2.45,3.5,2.75,2.4,3.41,2.76,2.5,3.55,2.85,1.85,2.0,1.8,1.93,1.85,2.0,football-data.co.uk fixtures,https://www.football-data.co.uk/fixtures.csv,2026-05-23 08:51:30
SP1_2026-05-23_Getafe_Osasuna,SP1,La Liga,Spain,Tier 1 - Elite Europe,2026-05-23,20:00,2026-05-23 20:00:00,True,Getafe,Osasuna,2.45,2.88,3.4,2.41,2.77,3.38,2.5,2.88,3.66,2.75,1.44,2.68,1.43,2.75,1.5,football-data.co.uk fixtures,https://www.football-data.co.uk/fixtures.csv,2026-05-23 08:51:30
SP1_2026-05-23_Girona_Elche,SP1,La Liga,Spain,Tier 1 - Elite Europe,2026-05-23,20:00,2026-05-23 20:00:00,True,Girona,Elche,1.8,3.9,4.2,1.76,3.86,4.16,1.8,4.0,4.45,1.73,2.1,1.65,2.14,1.73,2.2,football-data.co.uk fixtures,https://www.football-data.co.uk/fixtures.csv,2026-05-23 08:51:30
SP1_2026-05-23_Mallorca_Oviedo,SP1,La Liga,Spain,Tier 1 - Elite Europe,2026-05-23,20:00,2026-05-23 20:00:00,True,Mallorca,Oviedo,1.44,4.5,7.0,1.45,4.33,6.9,1.48,4.7,7.5,1.88,1.98,1.83,1.9,1.91,1.98,football-data.co.uk fixtures,https://www.football-data.co.uk/fixtures.csv,2026-05-23 08:51:30
SP1_2026-05-23_Real Madrid_Ath Bilbao,SP1,La Liga,Spain,Tier 1 - Elite Europe,2026-05-23,20:00,2026-05-23 20:00:00,True,Real Madrid,Ath Bilbao,1.5,4.75,5.75,1.46,4.63,5.84,1.5,5.0,6.5,1.5,2.63,1.47,2.57,1.5,2.63,football-data.co.uk fixtures,https://www.football-data.co.uk/fixtures.csv,2026-05-23 08:51:30
SP1_2026-05-23_Valencia_Barcelona,SP1,La Liga,Spain,Tier 1 - Elite Europe,2026-05-23,20:00,2026-05-23 20:00:00,True,Valencia,Barcelona,3.6,4.2,1.85,3.54,3.98,1.84,3.75,4.2,1.91,1.44,2.75,1.43,2.68,1.44,2.75,football-data.co.uk fixtures,https://www.football-data.co.uk/fixtures.csv,2026-05-23 08:51:30
I1_2026-05-24_Parma_Sassuolo,I1,Serie A,Italy,Tier 1 - Elite Europe,2026-05-24,14:00,2026-05-24 14:00:00,True,Parma,Sassuolo,2.7,3.4,2.63,2.61,3.3,2.55,2.7,3.45,2.68,1.9,1.95,1.87,1.87,1.91,1.95,football-data.co.uk fixtures,https://www.football-data.co.uk/fixtures.csv,2026-05-23 08:51:30
SP2_2026-05-24_Albacete_Sociedad B,SP2,La Liga 2,Spain,Tier 2 - Europe Depth,2026-05-24,15:15,2026-05-24 15:15:00,True,Albacete,Sociedad B,1.81,3.9,3.75,1.79,3.67,3.72,1.85,4.0,3.9,1.67,2.15,1.66,2.1,1.71,2.2,football-data.co.uk fixtures,https://www.football-data.co.uk/fixtures.csv,2026-05-23 08:51:30
SP2_2026-05-24_Andorra_Ceuta,SP2,La Liga 2,Spain,Tier 2 - Europe Depth,2026-05-24,15:15,2026-05-24 15:15:00,True,Andorra,Ceuta,1.49,4.75,5.25,1.47,4.39,5.41,1.5,4.75,5.8,1.5,2.5,1.5,2.47,1.52,2.63,football-data.co.uk fixtures,https://www.football-data.co.uk/fixtures.csv,2026-05-23 08:51:30
E0_2026-05-24_Brighton_Man United,E0,Premier League,England,Tier 1 - Elite Europe,2026-05-24,16:00,2026-05-24 16:00:00,True,Brighton,Man United,1.85,4.2,3.6,1.86,3.98,3.58,1.92,4.2,3.75,1.5,2.63,1.46,2.6,1.5,2.75,football-data.co.uk fixtures,https://www.football-data.co.uk/fixtures.csv,2026-05-23 08:51:30
E0_2026-05-24_Burnley_Wolves,E0,Premier League,England,Tier 1 - Elite Europe,2026-05-24,16:00,2026-05-24 16:00:00,True,Burnley,Wolves,2.35,3.5,2.9,2.36,3.5,2.77,2.48,3.6,2.9,1.73,2.1,1.71,2.07,1.73,2.14,football-data.co.uk fixtures,https://www.football-data.co.uk/fixtures.csv,2026-05-23 08:51:30
E0_2026-05-24_Crystal Palace_Arsenal,E0,Premier League,England,Tier 1 - Elite Europe,2026-05-24,16:00,2026-05-24 16:00:00,True,Crystal Palace,Arsenal,4.2,4.0,1.75,4.13,3.86,1.76,4.33,4.2,1.82,1.67,2.2,1.63,2.21,1.67,2.35,football-data.co.uk fixtures,https://www.football-data.co.uk/fixtures.csv,2026-05-23 08:51:30
E0_2026-05-24_Fulham_Newcastle,E0,Premier League,England,Tier 1 - Elite Europe,2026-05-24,16:00,2026-05-24 16:00:00,True,Fulham,Newcastle,2.88,3.8,2.25,2.82,3.66,2.27,2.9,3.8,2.37,1.62,2.3,1.6,2.25,1.62,2.35,football-data.co.uk fixtures,https://www.football-data.co.uk/fixtures.csv,2026-05-23 08:51:30
E0_2026-05-24_Liverpool_Brentford,E0,Premier League,England,Tier 1 - Elite Europe,2026-05-24,16:00,2026-05-24 16:00:00,True,Liverpool,Brentford,1.8,4.2,3.8,1.8,4.09,3.73,1.84,4.35,4.0,1.5,2.63,1.48,2.56,1.5,2.63,football-data.co.uk fixtures,https://www.football-data.co.uk/fixtures.csv,2026-05-23 08:51:30
E0_2026-05-24_Man City_Aston Villa,E0,Premier League,England,Tier 1 - Elite Europe,2026-05-24,16:00,2026-05-24 16:00:00,True,Man City,Aston Villa,1.29,6.0,9.0,1.28,5.93,8.39,1.31,6.25,9.5,1.3,3.5,1.29,3.38,1.31,3.55,football-data.co.uk fixtures,https://www.football-data.co.uk/fixtures.csv,2026-05-23 08:51:30
E0_2026-05-24_Nott'm Forest_Bournemouth,E0,Premier League,England,Tier 1 - Elite Europe,2026-05-24,16:00,2026-05-24 16:00:00,True,Nott'm Forest,Bournemouth,3.3,3.75,2.05,3.19,3.72,2.05,3.3,3.9,2.1,1.57,2.38,1.56,2.34,1.61,2.38,football-data.co.uk fixtures,https://www.football-data.co.uk/fixtures.csv,2026-05-23 08:51:30
E0_2026-05-24_Sunderland_Chelsea,E0,Premier League,England,Tier 1 - Elite Europe,2026-05-24,16:00,2026-05-24 16:00:00,True,Sunderland,Chelsea,3.6,3.6,2.0,3.47,3.59,1.99,3.65,3.75,2.05,1.73,2.1,1.73,2.04,1.79,2.1,football-data.co.uk fixtures,https://www.football-data.co.uk/fixtures.csv,2026-05-23 08:51:30
E0_2026-05-24_Tottenham_Everton,E0,Premier League,England,Tier 1 - Elite Europe,2026-05-24,16:00,2026-05-24 16:00:00,True,Tottenham,Everton,1.91,3.75,3.8,1.89,3.63,3.78,1.95,3.75,4.3,1.73,2.1,1.73,2.03,1.76,2.12,football-data.co.uk fixtures,https://www.football-data.co.uk/fixtures.csv,2026-05-23 08:51:30
E0_2026-05-24_West Ham_Leeds,E0,Premier League,England,Tier 1 - Elite Europe,2026-05-24,16:00,2026-05-24 16:00:00,True,West Ham,Leeds,1.85,4.0,3.75,1.82,3.9,3.75,1.88,4.2,4.0,1.67,2.2,1.64,2.19,1.67,2.28,football-data.co.uk fixtures,https://www.football-data.co.uk/fixtures.csv,2026-05-23 08:51:30
I1_2026-05-24_Napoli_Udinese,I1,Serie A,Italy,Tier 1 - Elite Europe,2026-05-24,17:00,2026-05-24 17:00:00,True,Napoli,Udinese,1.48,4.0,8.0,1.47,4.07,6.72,1.5,4.33,8.0,1.9,1.95,1.87,1.86,1.91,1.95,football-data.co.uk fixtures,https://www.football-data.co.uk/fixtures.csv,2026-05-23 08:51:30
B1_2026-05-24_Club Brugge_Gent,B1,Belgian Pro League,Belgium,Tier 1 - Elite Europe,2026-05-24,17:30,2026-05-24 17:30:00,True,Club Brugge,Gent,,,,1.72,4.15,3.67,1.78,4.33,3.8,,,1.37,2.86,1.42,3.05,football-data.co.uk fixtures,https://www.football-data.co.uk/fixtures.csv,2026-05-23 08:51:30
B1_2026-05-24_St Truiden_Mechelen,B1,Belgian Pro League,Belgium,Tier 1 - Elite Europe,2026-05-24,17:30,2026-05-24 17:30:00,True,St Truiden,Mechelen,,,,1.82,3.85,3.53,1.88,4.1,3.65,,,1.53,2.34,1.57,2.5,football-data.co.uk fixtures,https://www.football-data.co.uk/fixtures.csv,2026-05-23 08:51:30
B1_2026-05-24_St. Gilloise_Anderlecht,B1,Belgian Pro League,Belgium,Tier 1 - Elite Europe,2026-05-24,17:30,2026-05-24 17:30:00,True,St. Gilloise,Anderlecht,,,,1.44,4.2,6.26,1.5,4.33,6.66,,,1.7,2.01,1.73,2.1,football-data.co.uk fixtures,https://www.football-data.co.uk/fixtures.csv,2026-05-23 08:51:30
SP2_2026-05-24_Cadiz_Leganes,SP2,La Liga 2,Spain,Tier 2 - Europe Depth,2026-05-24,17:30,2026-05-24 17:30:00,True,Cadiz,Leganes,2.3,3.25,3.1,2.22,3.24,2.96,2.3,3.35,3.25,1.9,1.9,1.85,1.85,1.91,1.91,football-data.co.uk fixtures,https://www.football-data.co.uk/fixtures.csv,2026-05-23 08:51:30
SP2_2026-05-24_Cultural Leonesa_Burgos,SP2,La Liga 2,Spain,Tier 2 - Europe Depth,2026-05-24,17:30,2026-05-24 17:30:00,True,Cultural Leonesa,Burgos,3.2,3.1,2.3,2.87,3.03,2.37,3.2,3.1,2.5,2.35,1.57,2.31,1.55,2.4,1.57,football-data.co.uk fixtures,https://www.football-data.co.uk/fixtures.csv,2026-05-23 08:51:30
SP2_2026-05-24_Eibar_Cordoba,SP2,La Liga 2,Spain,Tier 2 - Europe Depth,2026-05-24,17:30,2026-05-24 17:30:00,True,Eibar,Cordoba,1.68,4.2,4.2,1.68,3.71,4.29,1.71,4.2,4.5,1.8,2.0,1.77,1.94,1.8,2.0,football-data.co.uk fixtures,https://www.football-data.co.uk/fixtures.csv,2026-05-23 08:51:30
SP2_2026-05-24_Huesca_Castellon,SP2,La Liga 2,Spain,Tier 2 - Europe Depth,2026-05-24,17:30,2026-05-24 17:30:00,True,Huesca,Castellon,5.0,3.8,1.61,4.34,3.79,1.66,5.0,4.0,1.71,1.67,2.15,1.67,2.09,1.76,2.2,football-data.co.uk fixtures,https://www.football-data.co.uk/fixtures.csv,2026-05-23 08:51:30
SP2_2026-05-24_Las Palmas_Zaragoza,SP2,La Liga 2,Spain,Tier 2 - Europe Depth,2026-05-24,17:30,2026-05-24 17:30:00,True,Las Palmas,Zaragoza,1.41,4.33,7.0,1.4,4.25,6.73,1.43,4.75,7.5,1.8,2.0,1.73,2.0,1.8,2.02,football-data.co.uk fixtures,https://www.football-data.co.uk/fixtures.csv,2026-05-23 08:51:30
SP2_2026-05-24_Malaga_Santander,SP2,La Liga 2,Spain,Tier 2 - Europe Depth,2026-05-24,17:30,2026-05-24 17:30:00,True,Malaga,Santander,1.61,4.5,4.2,1.6,4.21,4.24,1.62,4.5,4.75,1.4,2.88,1.36,2.92,1.4,3.1,football-data.co.uk fixtures,https://www.football-data.co.uk/fixtures.csv,2026-05-23 08:51:30
SP2_2026-05-24_Mirandes_Granada,SP2,La Liga 2,Spain,Tier 2 - Europe Depth,2026-05-24,17:30,2026-05-24 17:30:00,True,Mirandes,Granada,1.57,4.0,5.25,1.57,3.92,4.91,1.6,4.5,5.25,1.73,2.08,1.7,2.04,1.8,2.12,football-data.co.uk fixtures,https://www.football-data.co.uk/fixtures.csv,2026-05-23 08:51:30
SP2_2026-05-24_Sp Gijon_Almeria,SP2,La Liga 2,Spain,Tier 2 - Europe Depth,2026-05-24,17:30,2026-05-24 17:30:00,True,Sp Gijon,Almeria,4.33,4.0,1.68,4.01,3.89,1.68,4.33,4.2,1.75,1.53,2.4,1.53,2.38,1.57,2.5,football-data.co.uk fixtures,https://www.football-data.co.uk/fixtures.csv,2026-05-23 08:51:30
SP2_2026-05-24_Valladolid_La Coruna,SP2,La Liga 2,Spain,Tier 2 - Europe Depth,2026-05-24,17:30,2026-05-24 17:30:00,True,Valladolid,La Coruna,5.25,3.9,1.57,5.03,3.78,1.57,5.5,4.0,1.64,1.83,1.98,1.79,1.93,1.87,2.0,football-data.co.uk fixtures,https://www.football-data.co.uk/fixtures.csv,2026-05-23 08:51:30
I1_2026-05-24_Cremonese_Como,I1,Serie A,Italy,Tier 1 - Elite Europe,2026-05-24,19:45,2026-05-24 19:45:00,True,Cremonese,Como,5.25,4.33,1.57,5.33,4.05,1.55,5.66,4.33,1.6,1.67,2.2,1.67,2.13,1.73,2.2,football-data.co.uk fixtures,https://www.football-data.co.uk/fixtures.csv,2026-05-23 08:51:30
I1_2026-05-24_Lecce_Genoa,I1,Serie A,Italy,Tier 1 - Elite Europe,2026-05-24,19:45,2026-05-24 19:45:00,True,Lecce,Genoa,1.75,3.5,5.0,1.73,3.42,4.84,1.8,3.5,5.0,2.3,1.62,2.26,1.59,2.3,1.62,football-data.co.uk fixtures,https://www.football-data.co.uk/fixtures.csv,2026-05-23 08:51:30
I1_2026-05-24_Milan_Cagliari,I1,Serie A,Italy,Tier 1 - Elite Europe,2026-05-24,19:45,2026-05-24 19:45:00,True,Milan,Cagliari,1.29,5.5,11.0,1.26,5.3,10.35,1.29,5.75,11.0,1.67,2.2,1.66,2.14,1.73,2.2,football-data.co.uk fixtures,https://www.football-data.co.uk/fixtures.csv,2026-05-23 08:51:30
I1_2026-05-24_Torino_Juventus,I1,Serie A,Italy,Tier 1 - Elite Europe,2026-05-24,19:45,2026-05-24 19:45:00,True,Torino,Juventus,7.5,4.5,1.42,7.23,4.45,1.4,7.5,4.75,1.44,1.73,2.1,1.72,2.03,1.75,2.1,football-data.co.uk fixtures,https://www.football-data.co.uk/fixtures.csv,2026-05-23 08:51:30
I1_2026-05-24_Verona_Roma,I1,Serie A,Italy,Tier 1 - Elite Europe,2026-05-24,19:45,2026-05-24 19:45:00,True,Verona,Roma,10.0,5.5,1.3,9.84,5.01,1.3,13.0,5.5,1.35,1.8,2.0,1.78,1.97,1.8,2.0,football-data.co.uk fixtures,https://www.football-data.co.uk/fixtures.csv,2026-05-23 08:51:30
SP1_2026-05-24_Villarreal_Ath Madrid,SP1,La Liga,Spain,Tier 1 - Elite Europe,2026-05-24,20:00,2026-05-24 20:00:00,True,Villarreal,Ath Madrid,2.45,3.6,2.75,2.39,3.71,2.58,2.5,3.8,2.8,1.5,2.63,1.45,2.63,1.5,2.75,football-data.co.uk fixtures,https://www.football-data.co.uk/fixtures.csv,2026-05-23 08:51:30
