FixtureKey,FixtureDate,KickoffTime,Tier,Country,League,HomeTeam,AwayTeam,PredictedResult,BestGoalsPick,BestCornersPick,BettingGrade,EnsembleConfidenceScore,ElitePrediction,SignalCount,Market,ModelProbability,BookmakerOdds,BookmakerImpliedProbability,ValueEdge,ValueEdgePercent,ValueRating,ValueScore,GeneratedAt
SP2_2026-05-24_Malaga_Santander,2026-05-24,17:30,Tier 2 - Europe Depth,Spain,La Liga 2,Malaga,Santander,Away Win,Over 1.5 Goals,Over 7.5 Corners,B Tier,0.769,1,2,Over 2.5 Goals,0.857,1.36,0.7353,0.1217,12.17,Strong Value,47.18,2026-05-23 08:51:41
SP2_2026-05-24_Sp Gijon_Almeria,2026-05-24,17:30,Tier 2 - Europe Depth,Spain,La Liga 2,Sp Gijon,Almeria,Away Win,Over 1.5 Goals,Over 7.5 Corners,B Tier,0.778,1,2,Over 2.5 Goals,0.783,1.53,0.6536,0.1294,12.94,Strong Value,45.52,2026-05-23 08:51:41
SP1_2026-05-23_Betis_Levante,2026-05-23,20:00,Tier 1 - Elite Europe,Spain,La Liga,Betis,Levante,Home Win,Over 1.5 Goals,Over 7.5 Corners,B Tier,0.735,1,2,Over 2.5 Goals,0.75,1.65,0.6061,0.1439,14.39,Strong Value,44.4,2026-05-23 08:51:41
B1_2026-05-24_Club Brugge_Gent,2026-05-24,17:30,Tier 1 - Elite Europe,Belgium,Belgian Pro League,Club Brugge,Gent,Home Win,Over 1.5 Goals,Over 7.5 Corners,A Tier,0.814,1,3,Home Win,0.688,1.72,0.5814,0.1066,10.66,Medium Value,42.25,2026-05-23 08:51:41
E0_2026-05-24_Nott'm Forest_Bournemouth,2026-05-24,16:00,Tier 1 - Elite Europe,England,Premier League,Nott'm Forest,Bournemouth,Home Win,Over 1.5 Goals,Over 7.5 Corners,B Tier,0.726,1,2,Over 2.5 Goals,0.737,1.56,0.641,0.096,9.6,Medium Value,41.43,2026-05-23 08:51:41
SP2_2026-05-24_Huesca_Castellon,2026-05-24,17:30,Tier 2 - Europe Depth,Spain,La Liga 2,Huesca,Castellon,Away Win,Over 1.5 Goals,Over 7.5 Corners,B Tier,0.778,1,2,Over 2.5 Goals,0.697,1.67,0.5988,0.0982,9.82,Medium Value,41.38,2026-05-23 08:51:41
SP1_2026-05-24_Villarreal_Ath Madrid,2026-05-24,20:00,Tier 1 - Elite Europe,Spain,La Liga,Villarreal,Ath Madrid,Home Win,Over 1.5 Goals,Over 7.5 Corners,B Tier,0.742,1,2,Over 2.5 Goals,0.737,1.45,0.6897,0.0473,4.73,Small Value,39.32,2026-05-23 08:51:41
B1_2026-05-23_Antwerp_Westerlo,2026-05-23,19:45,Tier 1 - Elite Europe,Belgium,Belgian Pro League,Antwerp,Westerlo,Home Win,Over 1.5 Goals,Over 7.5 Corners,B Tier,0.737,1,2,Over 2.5 Goals,0.723,1.5,0.6667,0.0563,5.63,Small Value,39.25,2026-05-23 08:51:41
SP2_2026-05-24_Malaga_Santander,2026-05-24,17:30,Tier 2 - Europe Depth,Spain,La Liga 2,Malaga,Santander,Away Win,Over 1.5 Goals,Over 7.5 Corners,B Tier,0.769,1,2,Away Win,0.443,4.24,0.2358,0.2072,20.72,Strong Value,39.03,2026-05-23 08:51:41
E0_2026-05-24_Tottenham_Everton,2026-05-24,16:00,Tier 1 - Elite Europe,England,Premier League,Tottenham,Everton,Home Win,Over 1.5 Goals,Over 7.5 Corners,B Tier,0.735,1,2,Over 2.5 Goals,0.663,1.73,0.578,0.085,8.5,Medium Value,38.84,2026-05-23 08:51:41
B1_2026-05-24_St Truiden_Mechelen,2026-05-24,17:30,Tier 1 - Elite Europe,Belgium,Belgian Pro League,St Truiden,Mechelen,Home Win,Over 1.5 Goals,Over 7.5 Corners,B Tier,0.751,1,2,Over 2.5 Goals,0.697,1.53,0.6536,0.0434,4.34,Small Value,38.1,2026-05-23 08:51:41
SP1_2026-05-23_Alaves_Vallecano,2026-05-23,20:00,Tier 1 - Elite Europe,Spain,La Liga,Alaves,Vallecano,Away Win,Over 1.5 Goals,Over 7.5 Corners,C Tier,0.696,1,2,Over 2.5 Goals,0.623,1.94,0.5155,0.1075,10.75,Medium Value,37.98,2026-05-23 08:51:41
SP1_2026-05-23_Getafe_Osasuna,2026-05-23,20:00,Tier 1 - Elite Europe,Spain,La Liga,Getafe,Osasuna,Home Win,Over 1.5 Goals,Over 7.5 Corners,C Tier,0.642,0,2,Over 2.5 Goals,0.537,2.68,0.3731,0.1639,16.39,Strong Value,37.15,2026-05-23 08:51:41
SP2_2026-05-24_Mirandes_Granada,2026-05-24,17:30,Tier 2 - Europe Depth,Spain,La Liga 2,Mirandes,Granada,Home Win,Over 1.5 Goals,Over 7.5 Corners,C Tier,0.698,1,2,Over 2.5 Goals,0.657,1.7,0.5882,0.0688,6.88,Small Value,37.11,2026-05-23 08:51:41
I1_2026-05-24_Napoli_Udinese,2026-05-24,17:00,Tier 1 - Elite Europe,Italy,Serie A,Napoli,Udinese,Away Win,Over 1.5 Goals,Over 7.5 Corners,C Tier,0.692,1,2,Over 2.5 Goals,0.623,1.87,0.5348,0.0882,8.82,Medium Value,36.94,2026-05-23 08:51:41
I1_2026-05-24_Napoli_Udinese,2026-05-24,17:00,Tier 1 - Elite Europe,Italy,Serie A,Napoli,Udinese,Away Win,Over 1.5 Goals,Over 7.5 Corners,C Tier,0.692,1,2,Away Win,0.378,6.72,0.1488,0.2292,22.92,Strong Value,36.64,2026-05-23 08:51:41
I1_2026-05-23_Bologna_Inter,2026-05-23,17:00,Tier 1 - Elite Europe,Italy,Serie A,Bologna,Inter,Away Win,Over 1.5 Goals,Over 7.5 Corners,B Tier,0.725,1,2,Over 2.5 Goals,0.677,1.55,0.6452,0.0318,3.18,Small Value,36.4,2026-05-23 08:51:41
I1_2026-05-24_Milan_Cagliari,2026-05-24,19:45,Tier 1 - Elite Europe,Italy,Serie A,Milan,Cagliari,Away Win,Over 1.5 Goals,Over 7.5 Corners,Avoid,0.588,0,2,Away Win,0.368,10.35,0.0966,0.2714,27.14,Strong Value,36.37,2026-05-23 08:51:41
B1_2026-05-24_St. Gilloise_Anderlecht,2026-05-24,17:30,Tier 1 - Elite Europe,Belgium,Belgian Pro League,St. Gilloise,Anderlecht,Home Win,Over 1.5 Goals,Over 7.5 Corners,B Tier,0.707,1,2,Over 2.5 Goals,0.643,1.7,0.5882,0.0548,5.48,Small Value,36.17,2026-05-23 08:51:41
E0_2026-05-24_Sunderland_Chelsea,2026-05-24,16:00,Tier 1 - Elite Europe,England,Premier League,Sunderland,Chelsea,Home Win,Over 1.5 Goals,Over 7.5 Corners,C Tier,0.693,1,2,Home Win,0.457,3.47,0.2882,0.1688,16.88,Strong Value,36.01,2026-05-23 08:51:41
SP1_2026-05-23_Celta_Sevilla,2026-05-23,20:00,Tier 1 - Elite Europe,Spain,La Liga,Celta,Sevilla,Away Win,Over 1.5 Goals,Over 7.5 Corners,C Tier,0.663,1,2,Over 2.5 Goals,0.617,1.86,0.5376,0.0794,7.94,Medium Value,35.74,2026-05-23 08:51:41
SP1_2026-05-23_Valencia_Barcelona,2026-05-23,20:00,Tier 1 - Elite Europe,Spain,La Liga,Valencia,Barcelona,Away Win,Over 1.5 Goals,Over 7.5 Corners,C Tier,0.629,0,2,Under 2.5 Goals,0.517,2.68,0.3731,0.1439,14.39,Strong Value,35.28,2026-05-23 08:51:41
SP2_2026-05-24_Eibar_Cordoba,2026-05-24,17:30,Tier 2 - Europe Depth,Spain,La Liga 2,Eibar,Cordoba,Away Win,Over 1.5 Goals,Over 7.5 Corners,C Tier,0.692,1,2,Away Win,0.412,4.29,0.2331,0.1789,17.89,Strong Value,35.14,2026-05-23 08:51:41
SP2_2026-05-24_Eibar_Cordoba,2026-05-24,17:30,Tier 2 - Europe Depth,Spain,La Liga 2,Eibar,Cordoba,Away Win,Over 1.5 Goals,Over 7.5 Corners,C Tier,0.692,1,2,Over 2.5 Goals,0.61,1.77,0.565,0.045,4.5,Small Value,34.39,2026-05-23 08:51:41
SP1_2026-05-23_Girona_Elche,2026-05-23,20:00,Tier 1 - Elite Europe,Spain,La Liga,Girona,Elche,Away Win,Over 1.5 Goals,Over 7.5 Corners,C Tier,0.685,1,2,Over 2.5 Goals,0.637,1.65,0.6061,0.0309,3.09,Small Value,34.36,2026-05-23 08:51:41
SP1_2026-05-23_Celta_Sevilla,2026-05-23,20:00,Tier 1 - Elite Europe,Spain,La Liga,Celta,Sevilla,Away Win,Over 1.5 Goals,Over 7.5 Corners,C Tier,0.663,1,2,Away Win,0.395,4.52,0.2212,0.1738,17.38,Strong Value,33.8,2026-05-23 08:51:41
SP1_2026-05-23_Girona_Elche,2026-05-23,20:00,Tier 1 - Elite Europe,Spain,La Liga,Girona,Elche,Away Win,Over 1.5 Goals,Over 7.5 Corners,C Tier,0.685,1,2,Away Win,0.397,4.16,0.2404,0.1566,15.66,Strong Value,33.44,2026-05-23 08:51:41
E0_2026-05-24_Fulham_Newcastle,2026-05-24,16:00,Tier 1 - Elite Europe,England,Premier League,Fulham,Newcastle,Home Win,Over 1.5 Goals,Over 7.5 Corners,Avoid,0.585,0,2,Under 2.5 Goals,0.537,2.25,0.4444,0.0926,9.26,Medium Value,32.44,2026-05-23 08:51:41
E0_2026-05-24_West Ham_Leeds,2026-05-24,16:00,Tier 1 - Elite Europe,England,Premier League,West Ham,Leeds,Away Win,Over 1.5 Goals,Over 7.5 Corners,C Tier,0.687,1,2,Away Win,0.398,3.75,0.2667,0.1313,13.13,Strong Value,32.25,2026-05-23 08:51:41
I1_2026-05-24_Torino_Juventus,2026-05-24,19:45,Tier 1 - Elite Europe,Italy,Serie A,Torino,Juventus,Away Win,Over 1.5 Goals,Over 7.5 Corners,C Tier,0.619,0,2,Under 2.5 Goals,0.537,2.03,0.4926,0.0444,4.44,Small Value,30.71,2026-05-23 08:51:41
I1_2026-05-24_Lecce_Genoa,2026-05-24,19:45,Tier 1 - Elite Europe,Italy,Serie A,Lecce,Genoa,Away Win,Over 1.5 Goals,Over 7.5 Corners,Avoid,0.544,0,1,Away Win,0.373,4.84,0.2066,0.1664,16.64,Strong Value,30.39,2026-05-23 08:51:41
I1_2026-05-24_Torino_Juventus,2026-05-24,19:45,Tier 1 - Elite Europe,Italy,Serie A,Torino,Juventus,Away Win,Over 1.5 Goals,Over 7.5 Corners,C Tier,0.619,0,2,Home Win,0.305,7.23,0.1383,0.1667,16.67,Strong Value,29.87,2026-05-23 08:51:41
I1_2026-05-24_Cremonese_Como,2026-05-24,19:45,Tier 1 - Elite Europe,Italy,Serie A,Cremonese,Como,Away Win,Over 1.5 Goals,Over 7.5 Corners,C Tier,0.633,0,2,Home Win,0.328,5.33,0.1876,0.1404,14.04,Strong Value,29.52,2026-05-23 08:51:41
SP2_2026-05-24_Andorra_Ceuta,2026-05-24,15:15,Tier 2 - Europe Depth,Spain,La Liga 2,Andorra,Ceuta,Home Win,Over 1.5 Goals,Over 7.5 Corners,C Tier,0.687,1,2,Under 2.5 Goals,0.45,2.47,0.4049,0.0451,4.51,Small Value,29.5,2026-05-23 08:51:41
SP2_2026-05-24_Mirandes_Granada,2026-05-24,17:30,Tier 2 - Europe Depth,Spain,La Liga 2,Mirandes,Granada,Home Win,Over 1.5 Goals,Over 7.5 Corners,C Tier,0.698,1,2,Away Win,0.319,4.91,0.2037,0.1153,11.53,Medium Value,29.3,2026-05-23 08:51:41
I1_2026-05-24_Milan_Cagliari,2026-05-24,19:45,Tier 1 - Elite Europe,Italy,Serie A,Milan,Cagliari,Away Win,Over 1.5 Goals,Over 7.5 Corners,Avoid,0.588,0,2,Under 2.5 Goals,0.51,2.14,0.4673,0.0427,4.27,Small Value,29.2,2026-05-23 08:51:41
E0_2026-05-24_Nott'm Forest_Bournemouth,2026-05-24,16:00,Tier 1 - Elite Europe,England,Premier League,Nott'm Forest,Bournemouth,Home Win,Over 1.5 Goals,Over 7.5 Corners,B Tier,0.726,1,2,Home Win,0.378,3.19,0.3135,0.0645,6.45,Small Value,29.08,2026-05-23 08:51:41
SP2_2026-05-24_Cultural Leonesa_Burgos,2026-05-24,17:30,Tier 2 - Europe Depth,Spain,La Liga 2,Cultural Leonesa,Burgos,Away Win,Over 1.5 Goals,Over 7.5 Corners,Avoid,0.585,0,2,Over 2.5 Goals,0.483,2.31,0.4329,0.0501,5.01,Small Value,28.7,2026-05-23 08:51:41
SP1_2026-05-23_Mallorca_Oviedo,2026-05-23,20:00,Tier 1 - Elite Europe,Spain,La Liga,Mallorca,Oviedo,Home Win,Over 1.5 Goals,Over 7.5 Corners,C Tier,0.613,0,2,Away Win,0.288,6.9,0.1449,0.1431,14.31,Strong Value,28.05,2026-05-23 08:51:41
SP2_2026-05-24_Las Palmas_Zaragoza,2026-05-24,17:30,Tier 2 - Europe Depth,Spain,La Liga 2,Las Palmas,Zaragoza,Home Win,Over 1.5 Goals,Over 7.5 Corners,C Tier,0.668,1,2,Away Win,0.276,6.73,0.1486,0.1274,12.74,Strong Value,28.01,2026-05-23 08:51:41
E0_2026-05-24_Man City_Aston Villa,2026-05-24,16:00,Tier 1 - Elite Europe,England,Premier League,Man City,Aston Villa,Home Win,Over 1.5 Goals,Over 7.5 Corners,A Tier,0.824,1,2,Draw,0.247,5.93,0.1686,0.0784,7.84,Medium Value,27.81,2026-05-23 08:51:41
I1_2026-05-24_Verona_Roma,2026-05-24,19:45,Tier 1 - Elite Europe,Italy,Serie A,Verona,Roma,Away Win,Over 1.5 Goals,Over 7.5 Corners,B Tier,0.705,1,2,Home Win,0.233,9.84,0.1016,0.1314,13.14,Strong Value,27.66,2026-05-23 08:51:41
B1_2026-05-24_St. Gilloise_Anderlecht,2026-05-24,17:30,Tier 1 - Elite Europe,Belgium,Belgian Pro League,St. Gilloise,Anderlecht,Home Win,Over 1.5 Goals,Over 7.5 Corners,B Tier,0.707,1,2,Away Win,0.268,6.26,0.1597,0.1083,10.83,Medium Value,27.59,2026-05-23 08:51:41
SP2_2026-05-24_Cadiz_Leganes,2026-05-24,17:30,Tier 2 - Europe Depth,Spain,La Liga 2,Cadiz,Leganes,Away Win,Over 1.5 Goals,Over 7.5 Corners,C Tier,0.668,1,2,Away Win,0.387,2.96,0.3378,0.0492,4.92,Small Value,27.43,2026-05-23 08:51:41
SP1_2026-05-23_Real Madrid_Ath Bilbao,2026-05-23,20:00,Tier 1 - Elite Europe,Spain,La Liga,Real Madrid,Ath Bilbao,Home Win,Over 1.5 Goals,Over 7.5 Corners,B Tier,0.727,1,2,Away Win,0.267,5.84,0.1712,0.0958,9.58,Medium Value,27.34,2026-05-23 08:51:41
SP2_2026-05-24_Huesca_Castellon,2026-05-24,17:30,Tier 2 - Europe Depth,Spain,La Liga 2,Huesca,Castellon,Away Win,Over 1.5 Goals,Over 7.5 Corners,B Tier,0.778,1,2,Home Win,0.275,4.34,0.2304,0.0446,4.46,Small Value,26.04,2026-05-23 08:51:41
E0_2026-05-24_Nott'm Forest_Bournemouth,2026-05-24,16:00,Tier 1 - Elite Europe,England,Premier League,Nott'm Forest,Bournemouth,Home Win,Over 1.5 Goals,Over 7.5 Corners,B Tier,0.726,1,2,Draw,0.312,3.72,0.2688,0.0432,4.32,Small Value,26.04,2026-05-23 08:51:41
E0_2026-05-24_Brighton_Man United,2026-05-24,16:00,Tier 1 - Elite Europe,England,Premier League,Brighton,Man United,Home Win,Over 1.5 Goals,Over 7.5 Corners,B Tier,0.725,1,2,Draw,0.298,3.98,0.2513,0.0467,4.67,Small Value,25.77,2026-05-23 08:51:41
SP2_2026-05-24_Valladolid_La Coruna,2026-05-24,17:30,Tier 2 - Europe Depth,Spain,La Liga 2,Valladolid,La Coruna,Away Win,Over 1.5 Goals,Over 7.5 Corners,C Tier,0.659,1,2,Home Win,0.279,5.03,0.1988,0.0802,8.02,Medium Value,25.56,2026-05-23 08:51:41
E0_2026-05-24_Tottenham_Everton,2026-05-24,16:00,Tier 1 - Elite Europe,England,Premier League,Tottenham,Everton,Home Win,Over 1.5 Goals,Over 7.5 Corners,B Tier,0.735,1,2,Draw,0.306,3.63,0.2755,0.0305,3.05,Small Value,25.41,2026-05-23 08:51:41
E0_2026-05-24_Man City_Aston Villa,2026-05-24,16:00,Tier 1 - Elite Europe,England,Premier League,Man City,Aston Villa,Home Win,Over 1.5 Goals,Over 7.5 Corners,A Tier,0.824,1,2,Away Win,0.186,8.39,0.1192,0.0668,6.68,Small Value,25.4,2026-05-23 08:51:41
SP1_2026-05-24_Villarreal_Ath Madrid,2026-05-24,20:00,Tier 1 - Elite Europe,Spain,La Liga,Villarreal,Ath Madrid,Home Win,Over 1.5 Goals,Over 7.5 Corners,B Tier,0.742,1,2,Draw,0.3,3.71,0.2695,0.0305,3.05,Small Value,25.37,2026-05-23 08:51:41
SP1_2026-05-23_Mallorca_Oviedo,2026-05-23,20:00,Tier 1 - Elite Europe,Spain,La Liga,Mallorca,Oviedo,Home Win,Over 1.5 Goals,Over 7.5 Corners,C Tier,0.613,0,2,Draw,0.306,4.33,0.2309,0.0751,7.51,Medium Value,25.2,2026-05-23 08:51:41
B1_2026-05-23_Antwerp_Westerlo,2026-05-23,19:45,Tier 1 - Elite Europe,Belgium,Belgian Pro League,Antwerp,Westerlo,Home Win,Over 1.5 Goals,Over 7.5 Corners,B Tier,0.737,1,2,Draw,0.296,3.77,0.2653,0.0307,3.07,Small Value,25.16,2026-05-23 08:51:41
SP2_2026-05-24_Mirandes_Granada,2026-05-24,17:30,Tier 2 - Europe Depth,Spain,La Liga 2,Mirandes,Granada,Home Win,Over 1.5 Goals,Over 7.5 Corners,C Tier,0.698,1,2,Draw,0.297,3.92,0.2551,0.0419,4.19,Small Value,24.97,2026-05-23 08:51:41
I1_2026-05-24_Milan_Cagliari,2026-05-24,19:45,Tier 1 - Elite Europe,Italy,Serie A,Milan,Cagliari,Away Win,Over 1.5 Goals,Over 7.5 Corners,Avoid,0.588,0,2,Draw,0.283,5.3,0.1887,0.0943,9.43,Medium Value,24.96,2026-05-23 08:51:41
B1_2026-05-24_St. Gilloise_Anderlecht,2026-05-24,17:30,Tier 1 - Elite Europe,Belgium,Belgian Pro League,St. Gilloise,Anderlecht,Home Win,Over 1.5 Goals,Over 7.5 Corners,B Tier,0.707,1,2,Draw,0.281,4.2,0.2381,0.0429,4.29,Small Value,24.71,2026-05-23 08:51:41
E0_2026-05-24_Liverpool_Brentford,2026-05-24,16:00,Tier 1 - Elite Europe,England,Premier League,Liverpool,Brentford,Home Win,Over 1.5 Goals,Over 7.5 Corners,B Tier,0.719,1,2,Draw,0.282,4.09,0.2445,0.0375,3.75,Small Value,24.71,2026-05-23 08:51:41
SP1_2026-05-23_Real Madrid_Ath Bilbao,2026-05-23,20:00,Tier 1 - Elite Europe,Spain,La Liga,Real Madrid,Ath Bilbao,Home Win,Over 1.5 Goals,Over 7.5 Corners,B Tier,0.727,1,2,Draw,0.259,4.63,0.216,0.043,4.3,Small Value,24.46,2026-05-23 08:51:41
I1_2026-05-24_Napoli_Udinese,2026-05-24,17:00,Tier 1 - Elite Europe,Italy,Serie A,Napoli,Udinese,Away Win,Over 1.5 Goals,Over 7.5 Corners,C Tier,0.692,1,2,Draw,0.285,4.07,0.2457,0.0393,3.93,Small Value,24.35,2026-05-23 08:51:41
E0_2026-05-24_Crystal Palace_Arsenal,2026-05-24,16:00,Tier 1 - Elite Europe,England,Premier League,Crystal Palace,Arsenal,Away Win,Over 1.5 Goals,Over 7.5 Corners,C Tier,0.696,1,2,Home Win,0.28,4.13,0.2421,0.0379,3.79,Small Value,24.21,2026-05-23 08:51:41
SP1_2026-05-23_Valencia_Barcelona,2026-05-23,20:00,Tier 1 - Elite Europe,Spain,La Liga,Valencia,Barcelona,Away Win,Over 1.5 Goals,Over 7.5 Corners,C Tier,0.629,0,2,Home Win,0.32,3.54,0.2825,0.0375,3.75,Small Value,24.05,2026-05-23 08:51:41
I1_2026-05-23_Lazio_Pisa,2026-05-23,19:45,Tier 1 - Elite Europe,Italy,Serie A,Lazio,Pisa,Home Win,Over 1.5 Goals,Over 7.5 Corners,C Tier,0.69,1,2,Away Win,0.233,5.76,0.1736,0.0594,5.94,Small Value,23.76,2026-05-23 08:51:41
I1_2026-05-24_Verona_Roma,2026-05-24,19:45,Tier 1 - Elite Europe,Italy,Serie A,Verona,Roma,Away Win,Over 1.5 Goals,Over 7.5 Corners,B Tier,0.705,1,2,Draw,0.242,5.01,0.1996,0.0424,4.24,Small Value,23.48,2026-05-23 08:51:41
SP2_2026-05-24_Andorra_Ceuta,2026-05-24,15:15,Tier 2 - Europe Depth,Spain,La Liga 2,Andorra,Ceuta,Home Win,Over 1.5 Goals,Over 7.5 Corners,C Tier,0.687,1,2,Draw,0.263,4.39,0.2278,0.0352,3.52,Small Value,23.39,2026-05-23 08:51:41
I1_2026-05-24_Torino_Juventus,2026-05-24,19:45,Tier 1 - Elite Europe,Italy,Serie A,Torino,Juventus,Away Win,Over 1.5 Goals,Over 7.5 Corners,C Tier,0.619,0,2,Draw,0.272,4.45,0.2247,0.0473,4.73,Small Value,22.91,2026-05-23 08:51:41
SP2_2026-05-24_Andorra_Ceuta,2026-05-24,15:15,Tier 2 - Europe Depth,Spain,La Liga 2,Andorra,Ceuta,Home Win,Over 1.5 Goals,Over 7.5 Corners,C Tier,0.687,1,2,Away Win,0.216,5.41,0.1848,0.0312,3.12,Small Value,21.78,2026-05-23 08:51:41
